file, gyrationRadius
random0.pdb, 14.441703196547108
random1.pdb, 18.72997788888412
random2.pdb, 15.311991933916227
random3.pdb, 14.622529455468731
random4.pdb, 14.754717843852687
random5.pdb, 15.199215475296334
random6.pdb, 15.015911937085937
random7.pdb, 15.09506865381493
random8.pdb, 14.263623933976122
random9.pdb, 16.238205352596726
