file, Polar, Apolar
random0.pdb, 3835.954083962874, 5624.853823819802
random1.pdb, 4785.836832558918, 7149.33314144751
random2.pdb, 4408.570590595846, 5805.167239827555
random3.pdb, 3246.0263520251838, 5685.065821133334
random4.pdb, 3790.4674177966303, 5238.946039511702
random5.pdb, 4114.348997343911, 6052.047037657334
random6.pdb, 4237.765117866082, 5658.766438756921
random7.pdb, 4401.363698035542, 5309.001871854821
random8.pdb, 3394.8278045127377, 5386.673996400615
random9.pdb, 4451.405525243746, 5419.224750395858
