file,gyrationRadius
fold_random0_model_0.pdb,17.077102018428622
fold_random1_model_0.pdb,28.748559042867008
fold_random2_model_0.pdb,15.26087884311128
fold_random3_model_0.pdb,15.319704648153667
fold_random4_model_0.pdb,17.699735124888623
fold_random5_model_0.pdb,31.776786236770736
fold_random6_model_0.pdb,15.860255261472496
fold_random7_model_0.pdb,18.488780498524065
fold_random8_model_0.pdb,15.465893384357424
fold_random9_model_0.pdb,21.350910762558115
